{"cameraMode":{"drawMode":0,"name":"Shaded","section":"Shading Mode"},"sceneLighting":true,"audioPlay":false,"sceneViewState":{"showFog":true,"showMaterialUpdate":false,"showSkybox":true,"showFlares":true,"showImageEffects":true,"showParticleSystems":true},"in2DMode":false,"pivot":{"x":-2.136321544647217,"y":1.3218555450439454,"z":-1.620881199836731},"rotation":{"x":-0.2247866541147232,"y":-0.2433786392211914,"z":0.05809460207819939,"w":-0.9417382478713989},"size":0.8660253882408142,"orthographic":false}